t_ms,raw,filtered
0,1220350,1220350.000
10,1219810,1220269.000
22,1219356,1220132.125
34,1220045,1220119.125
47,1220215,1220133.625
59,1219714,1220070.750
71,1219363,1219964.625
84,1220118,1219987.625
96,1220235,1220024.750
108,1219731,1219980.750
121,1219486,1219906.625
133,1220305,1219966.500
145,1220142,1219992.875
158,1219664,1219943.625
170,1219569,1219887.500
182,1220335,1219954.625
195,1220082,1219973.750
207,1219513,1219904.625
219,1219732,1219878.750
232,1220433,1219961.875
244,1220009,1219969.000
256,1219542,1219905.000
269,1219886,1219902.125
281,1220382,1219974.125
293,1219927,1219967.125
306,1219531,1219901.750
318,1220064,1219926.125
330,1220438,1220003.000
343,1219849,1219979.875
355,1219474,1219904.000
367,1220148,1219940.625
380,1220318,1219997.250
392,1219826,1219971.625
404,1219466,1219895.875
417,1220205,1219942.250
429,1220173,1219976.875
441,1219560,1219914.375
454,1219400,1219837.250
466,1220298,1219906.375
478,1220127,1219939.500
491,1219549,1219881.000
503,1219549,1219831.250
515,1220307,1219902.625
528,1219948,1219909.500
540,1219484,1219845.750
552,1219708,1219825.125
565,1220486,1219924.250
577,1219922,1219923.875
589,1219490,1219858.875
602,1219888,1219863.250
614,1220415,1219946.125
626,1220034,1219959.375
639,1219549,1219897.875
651,1219957,1219906.750
663,1220355,1219974.000
676,1219893,1219961.875
688,1219542,1219898.875
701,1220282,1219956.375
713,1220504,1220038.500
725,1219922,1220021.000
738,1219501,1219943.000
750,1220218,1219984.250
762,1220217,1220019.125
775,1219826,1219990.250
787,1219568,1219927.000
799,1220340,1219989.000
812,1220152,1220013.500
824,1219728,1219970.750
836,1219604,1219915.750
849,1220289,1219971.750
861,1219989,1219974.375
873,1219634,1219923.375
886,1219769,1219900.250
898,1220448,1219982.500
910,1220019,1219988.000
923,1219495,1219914.125
935,1219902,1219912.375
947,1220425,1219989.375
960,1220010,1219992.500
972,1219549,1219926.000
984,1219990,1219935.625
997,1220257,1219983.875
1009,1219856,1219964.750
1021,1219482,1219892.375
1034,1220163,1219933.000
1046,1220285,1219985.875
1058,1219711,1219944.625
1071,1219435,1219868.250
1083,1220274,1219929.125
1095,1220079,1219951.625
1108,1219535,1219889.250
1120,1219548,1219838.125
1132,1220478,1219934.125
1145,1220216,1219976.500
1157,1219684,1219932.625
1169,1219603,1219883.250
1182,1220368,1219956.000
1194,1219978,1219959.375
1206,1219531,1219895.125
1219,1219737,1219871.375
1231,1220395,1219950.000
1243,1219870,1219938.000
1256,1219441,1219863.500
1268,1219831,1219858.625
1280,1220296,1219924.250
1293,1219714,1219892.750
1305,1219247,1219795.875
1317,1219904,1219812.125
1330,1220280,1219882.375
1342,1219814,1219872.125
1354,1219431,1219806.000
1367,1220175,1219861.375
1379,1220193,1219911.125
1391,1219593,1219863.500
1404,1219444,1219800.625
1416,1220235,1219865.875
1428,1220070,1219896.500
1441,1219592,1219850.875
1453,1219466,1219793.125
1465,1220259,1219863.000
1478,1220038,1219889.250
1490,1219485,1219828.625
1502,1219509,1219780.750
1515,1220326,1219862.625
1527,1219878,1219865.000
1540,1219296,1219779.625
1552,1219507,1219738.750
1564,1220235,1219813.250
1577,1219876,1219822.750
1589,1219269,1219739.750
1601,1219647,1219725.875
1614,1220181,1219794.125
1626,1219632,1219769.875
1638,1219403,1219714.875
1651,1220132,1219777.500
1663,1220363,1219865.375
1675,1219762,1219849.875
1688,1219222,1219755.750
1700,1220003,1219792.875
1712,1220083,1219836.500
1725,1219569,1219796.375
1737,1219342,1219728.250
1749,1220089,1219782.375
1762,1220038,1219820.750
1774,1219463,1219767.125
1786,1219265,1219691.875
1799,1220090,1219751.625
1811,1219831,1219763.625
1823,1219353,1219702.125
1836,1219473,1219667.750
1848,1220166,1219742.500
1860,1219709,1219737.500
1873,1219318,1219674.625
1885,1219604,1219664.000
1897,1220235,1219749.750
1910,1219704,1219742.875
1922,1219218,1219664.250
1934,1219682,1219666.875
1947,1220210,1219748.375
1959,1219812,1219757.875
1971,1219241,1219680.375
1984,1219818,1219701.125
1996,1220158,1219769.750
2008,1219677,1219755.875
2021,1219328,1219691.750
2033,1220133,1219758.000
2045,1220197,1219823.875
2058,1219626,1219794.250
2070,1219228,1219709.375
2082,1220095,1219767.250
2095,1220026,1219806.125
2107,1219477,1219756.750
2119,1219404,1219703.875
2132,1220293,1219792.250
2144,1220074,1219834.500
2156,1219451,1219777.000
2169,1219458,1219729.250
2181,1220254,1219808.000
2193,1219795,1219806.125
2206,1219234,1219720.375
2218,1219552,1219695.125
2230,1220235,1219776.125
2243,1219771,1219775.375
2255,1219364,1219713.750
2267,1219667,1219706.750
2280,1219999,1219750.625
2292,1219497,1219712.625
2304,1219157,1219629.250
2317,1219947,1219676.875
2329,1220229,1219759.750
2341,1219591,1219734.500
2354,1219111,1219641.000
2366,1219873,1219675.875
2378,1220030,1219729.000
2391,1219515,1219697.000
2403,1219256,1219630.875
2416,1220089,1219699.625
2428,1219880,1219726.750
2440,1219436,1219683.125
2453,1219356,1219634.125
2465,1220177,1219715.625
2477,1219883,1219740.750
2490,1219214,1219661.750
2502,1219319,1219610.375
2514,1220116,1219686.250
2527,1219775,1219699.625
2539,1219071,1219605.375
2551,1219342,1219565.875
2564,1220212,1219662.750
2576,1219678,1219665.125
2588,1219219,1219598.250
2601,1219804,1219629.125
2613,1220278,1219726.500
2625,1219653,1219715.500
2638,1219234,1219643.250
2650,1219942,1219688.125
2662,1220217,1219767.500
2675,1219730,1219761.875
2687,1219317,1219695.125
2699,1220091,1219754.500
2712,1220103,1219806.875
2724,1219570,1219771.375
2736,1219305,1219701.500
2749,1220110,1219762.875
2761,1219992,1219797.250
2773,1219524,1219756.250
2786,1219532,1219722.625
2798,1220345,1219816.000
2810,1219887,1219826.625
2823,1219332,1219752.500
2835,1219449,1219707.000
2847,1219088,1219614.250
2860,1216301,1219117.250
2872,1213522,1218278.000
2884,1211821,1217309.500
2897,1211189,1216391.500
2909,1209928,1215422.000
2921,1209165,1214483.500
2934,1209479,1213732.875
2946,1210208,1213204.250
2958,1210569,1212809.000
2971,1211676,1212639.125
2983,1215376,1213049.750
2995,1218862,1213921.625
3008,1219780,1214800.500
3020,1219448,1215497.625
3032,1220176,1216199.375
3045,1220184,1216797.125
3057,1219668,1217227.750
3069,1219497,1217568.125
3082,1220330,1217982.500
3094,1220177,1218311.625
3106,1219694,1218519.000
3119,1219687,1218694.250
3131,1220450,1218957.625
3143,1219864,1219093.625
3156,1216968,1218774.875
3168,1214992,1218207.500
3180,1214610,1217667.875
3193,1212830,1216942.250
3205,1211174,1216077.000
3217,1210887,1215298.500
3230,1211564,1214738.375
3242,1211685,1214280.375
3254,1211910,1213924.875
3267,1213655,1213884.500
3279,1215932,1214191.625
3292,1218114,1214780.000
3304,1219340,1215464.000
3316,1220248,1216181.625
3329,1220374,1216810.500
3341,1219780,1217256.000
3353,1219454,1217585.750
3366,1220272,1217988.750
3378,1220307,1218336.500
3390,1219947,1218578.125
3403,1219829,1218765.750
3415,1220549,1219033.250
3427,1218461,1218947.500
3440,1214327,1218254.375
3452,1212626,1217410.125
3464,1211613,1216540.625
3477,1210100,1215574.625
3489,1209113,1214605.375
3501,1209564,1213849.250
3514,1211382,1213479.125
3526,1213304,1213452.875
3538,1216428,1213899.250
3551,1219463,1214733.875
3563,1220631,1215618.500
3575,1220219,1216308.625
3588,1219607,1216803.375
3600,1220077,1217294.375
3612,1220379,1217757.125
3625,1219930,1218083.125
3637,1219589,1218309.000
3649,1220299,1218607.500
3662,1220431,1218881.000
3674,1219982,1219046.125
3686,1219735,1219149.500
3699,1220487,1219350.125
3711,1218235,1219182.875
3723,1213692,1218359.250
3736,1211174,1217281.500
3748,1209871,1216170.000
3760,1208490,1215018.000
3773,1207276,1213856.750
3785,1207331,1212877.875
3797,1209083,1212308.750
3810,1210035,1211967.750
3822,1211891,1211956.250
3834,1215704,1212518.375
3847,1219346,1213542.500
3859,1220183,1214538.625
3871,1219815,1215330.125
3884,1220298,1216075.375
3896,1220683,1216766.625
3908,1220027,1217255.750
3921,1219582,1217604.750
3933,1220310,1218010.625
3945,1220502,1218384.375
3958,1220020,1218629.750
3970,1218959,1218679.125
3982,1215801,1218247.500
3995,1212823,1217433.875
4007,1209972,1216314.625
4019,1208768,1215182.625
4032,1209654,1214353.375
4044,1210250,1213737.875
4056,1211366,1213382.125
4069,1213560,1213408.875
4081,1217213,1213979.500
4093,1219521,1214810.750
4106,1220014,1215591.250
4118,1219931,1216242.250
4131,1220533,1216885.875
4143,1220251,1217390.625
4155,1219702,1217737.375
4168,1219931,1218066.500
4180,1220687,1218459.625
4192,1220291,1218734.375
4205,1219856,1218902.625
4217,1220355,1219120.500
4229,1220489,1219325.750
4242,1217107,1218993.000
4254,1213099,1218108.875
4266,1211267,1217082.625
4279,1210106,1216036.125
4291,1209425,1215044.500
4303,1209594,1214227.000
4316,1211432,1213807.750
4328,1213379,1213743.500
4340,1215179,1213958.875
4353,1217538,1214495.750
4365,1220261,1215360.625
4377,1220685,1216159.375
4390,1220101,1216750.625
4402,1220088,1217251.250
4414,1220982,1217810.875
4427,1220707,1218245.250
4439,1220129,1218527.875
4451,1220228,1218783.000
4464,1221089,1219128.875
4476,1220851,1219387.250
4488,1220273,1219520.125
4501,1220564,1219676.750
4513,1219660,1219674.250
4525,1215729,1219082.500
4538,1213103,1218185.625
4550,1211488,1217181.000
4562,1210612,1216195.625
4575,1209327,1215165.375
4587,1208644,1214187.250
4599,1209689,1213512.500
4612,1211050,1213143.125
4624,1212257,1213010.250
4636,1214302,1213204.000
4649,1217917,1213911.000
4661,1220400,1214884.375
4673,1220603,1215742.250
4686,1220351,1216433.625
4698,1221061,1217127.750
4710,1221023,1217712.125
4723,1220489,1218128.625
4735,1220408,1218470.625
4747,1221275,1218891.375
4760,1220970,1219203.250
4772,1220458,1219391.500
4784,1220577,1219569.375
4797,1220841,1219760.125
4809,1217899,1219481.000
4821,1215703,1218914.375
4834,1214520,1218255.250
4846,1214084,1217629.625
4858,1213349,1216987.500
4871,1213533,1216469.375
4883,1215282,1216291.250
4895,1217229,1216431.875
4908,1218781,1216784.250
4920,1220013,1217268.625
4932,1221191,1217857.000
4945,1221333,1218378.500
4957,1220740,1218732.750
4969,1220400,1218982.875
4982,1221221,1219318.625
4994,1221237,1219606.375
5006,1220683,1219767.875
5019,1220456,1219871.125
5031,1221371,1220096.125
5044,1221205,1220262.500
5056,1220647,1220320.125
5068,1220514,1220349.250
5081,1221463,1220516.375
5093,1221096,1220603.375
5105,1220498,1220587.625
5118,1220621,1220592.625
5130,1221242,1220690.000
5142,1220947,1220728.500
5155,1220539,1220700.125
5167,1220816,1220717.500
5179,1221458,1220828.625
5192,1221047,1220861.375
5204,1220483,1220804.625
5216,1221023,1220837.375
5229,1221461,1220931.000
5241,1220925,1220930.125
5253,1220507,1220866.625
5266,1221262,1220926.000
5278,1221378,1220993.875
5290,1220851,1220972.500
5303,1220514,1220903.750
5315,1221299,1220963.000
5327,1221067,1220978.625
5340,1220510,1220908.375
5352,1220563,1220856.625
5364,1221122,1220896.500
5377,1218601,1220552.250
5389,1215939,1219860.250
5401,1213260,1218870.250
5414,1211493,1217763.750
5426,1208842,1216425.500
5438,1206342,1214913.000
5451,1204418,1213338.750
5463,1202576,1211724.375
5475,1199510,1209892.250
5488,1196672,1207909.250
5500,1195119,1205990.750
5512,1194397,1204251.750
5525,1193307,1202610.000
5537,1192326,1201067.375
5549,1192657,1199805.875
5562,1192908,1198771.250
5574,1192377,1197812.125
5586,1191446,1196857.250
5599,1191174,1196004.750
5611,1190238,1195139.750
5623,1189149,1194241.125
5636,1188575,1193391.250
5648,1188966,1192727.500
5660,1188279,1192060.250
5673,1187053,1191309.250
5685,1185977,1190509.375
5697,1186190,1189861.500
5710,1185589,1189220.625
5722,1185002,1188587.875
5734,1184924,1188038.375
5747,1185124,1187601.250
5759,1184050,1187068.625
5771,1182935,1186448.625
5784,1182312,1185828.125
5796,1181963,1185248.375
5808,1180557,1184544.625
5821,1179343,1183764.375
5833,1179311,1183096.375
5845,1179811,1182603.625
5858,1179917,1182200.625
5870,1180769,1181985.875
5882,1182673,1182089.000
5895,1183917,1182363.250
5907,1183548,1182541.000
5920,1182930,1182599.375
5932,1183280,1182701.500
5944,1182995,1182745.625
5957,1182172,1182659.625
5969,1181402,1182471.000
5981,1181215,1182282.625
5994,1180303,1181985.750
6006,1179345,1181589.750
6018,1178879,1181183.125
6031,1179209,1180887.000
6043,1178686,1180556.875
6055,1178139,1180194.250
6068,1178337,1179915.625
6080,1179222,1179811.625
6092,1178730,1179649.500
6105,1177439,1179318.000
6117,1176447,1178887.375
6129,1175970,1178449.875
6142,1174814,1177904.500
6154,1173904,1177304.500
6166,1174094,1176823.000
6179,1174265,1176439.375
6191,1173508,1175999.750
6203,1172978,1175546.500
6216,1173990,1175313.125
6228,1174690,1175219.750
6240,1174174,1175062.875
6253,1173094,1174767.625
6265,1172921,1174490.625
6277,1172333,1174167.000
6290,1171529,1173771.375
6302,1171381,1173412.875
6314,1172220,1173234.000
6327,1171848,1173026.125
6339,1170703,1172677.750
6351,1170187,1172304.125
6364,1171150,1172131.125
6376,1171444,1172028.125
6388,1171438,1171939.625
6401,1172328,1171997.875
6413,1174113,1172315.250
6425,1174625,1172661.750
6438,1175027,1173016.500
6450,1176317,1173511.625
6462,1177955,1174178.250
6475,1178580,1174838.625
6487,1179828,1175587.125
6499,1182527,1176628.125
6512,1185480,1177956.000
6524,1187126,1179331.500
6536,1187548,1180564.000
6549,1189077,1181841.000
6561,1190774,1183181.000
6573,1192161,1184528.000
6586,1194616,1186041.250
6598,1199381,1188042.250
6610,1204313,1190482.875
6623,1208584,1193198.125
6635,1211957,1196012.000
6647,1214828,1198834.500
6660,1215675,1201360.625
6672,1215967,1203551.625
6684,1217191,1205597.625
6697,1219583,1207695.500
6709,1220642,1209637.500
6721,1220742,1211303.125
6734,1220946,1212749.625
6746,1221772,1214103.000
6758,1221259,1215176.375
6771,1220566,1215984.875
6783,1220904,1216722.750
6796,1221613,1217456.375
6808,1221166,1218012.875
6820,1220685,1218413.750
6833,1221233,1218836.625
6845,1221639,1219257.000
6857,1221126,1219537.375
6870,1220634,1219701.875
6882,1221256,1219935.000
6894,1221443,1220161.250
6907,1221058,1220295.750
6919,1220815,1220373.750
6931,1221459,1220536.500
6944,1221319,1220653.875
6956,1220810,1220677.375
6968,1220652,1220673.625
6981,1221629,1220817.000
6993,1221482,1220916.750
7005,1220834,1220904.375
7018,1220792,1220887.500
7030,1221565,1220989.125
7042,1221304,1221036.375
7055,1220686,1220983.875
7067,1220806,1220957.250
7079,1221598,1221053.375
7092,1221268,1221085.625
7104,1220772,1221038.625
7116,1221082,1221045.125
7129,1221679,1221140.250
7141,1221154,1221142.375
7153,1220673,1221072.000
7166,1221148,1221083.500
7178,1221562,1221155.250
7190,1221116,1221149.375
7203,1220694,1221081.125
7215,1221358,1221122.750
7227,1221561,1221188.500
7240,1221009,1221161.625
7252,1220613,1221079.375
7264,1221463,1221137.000
7277,1221515,1221193.750
7289,1220971,1221160.375
7301,1220792,1221105.125
7314,1221658,1221188.125
7326,1221296,1221204.375
7338,1220836,1221149.125
7351,1220937,1221117.375
7363,1221705,1221205.625
7375,1221302,1221220.125
7388,1220865,1221166.875
7400,1221013,1221143.875
7412,1221627,1221216.375
7425,1221187,1221212.000
7437,1220658,1221129.000
7449,1221223,1221143.125
7462,1221691,1221225.375
7474,1221165,1221216.375
7486,1220722,1221142.250
7499,1221243,1221157.375
7511,1221536,1221214.250
7523,1220987,1221180.125
7536,1220493,1221077.125
7548,1221306,1221111.500
7560,1221504,1221170.375
7573,1220783,1221112.375
7585,1220530,1221025.125
7597,1221471,1221092.000
7610,1221333,1221128.250
7622,1220847,1221086.125
7634,1220650,1221020.750
7647,1221443,1221084.125
7659,1221250,1221109.125
7671,1220630,1221037.375
7684,1220644,1220978.375
7696,1221535,1221061.875
7709,1221146,1221074.500
7721,1220633,1221008.375
7733,1220859,1220986.000
7746,1221482,1221060.375
7758,1221083,1221063.875
7770,1220637,1220999.875
7783,1221004,1221000.500
7795,1221436,1221065.875
7807,1221002,1221056.250
7820,1220577,1220984.375
7832,1221272,1221027.500
7844,1221571,1221109.000
7857,1221069,1221103.000
7869,1220609,1221028.875
7881,1221293,1221068.500
7894,1221385,1221116.000
7906,1220782,1221065.875
7918,1220415,1220968.250
7931,1221254,1221011.125
7943,1221275,1221050.750
7955,1220753,1221006.125
7968,1220551,1220937.875
7980,1221303,1220992.750
7992,1221042,1221000.125
8005,1220680,1220952.125
8017,1220748,1220921.500
8029,1221572,1221019.125
8042,1221185,1221044.125
8054,1220623,1220981.000
8066,1220858,1220962.625
8079,1221530,1221047.750
8091,1221010,1221042.125
8103,1220447,1220952.875
8116,1220957,1220953.500
8128,1221488,1221033.750
8140,1221004,1221029.250
8153,1220515,1220952.125
8165,1221145,1220981.125
8177,1221317,1221031.500
8190,1220832,1221001.625
8202,1220445,1220918.250
8214,1221257,1220969.125
8227,1221366,1221028.750
8239,1220760,1220988.500
8251,1220512,1220917.000
8264,1221223,1220963.000
8276,1220964,1220963.125
8288,1220473,1220889.625
8301,1220508,1220832.375
8313,1221397,1220917.125
8325,1221039,1220935.375
8338,1220564,1220879.750
8350,1220651,1220845.500
8362,1221525,1220947.500
8375,1221176,1220981.750
8387,1220620,1220927.500
8399,1220837,1220913.875
8412,1221469,1220997.125
8424,1220971,1220993.250
8436,1220443,1220910.750
8449,1220970,1220919.750
8461,1221389,1220990.125
8473,1220882,1220973.875
8486,1220502,1220903.125
8498,1220999,1220917.500
8510,1221309,1220976.250
8523,1220846,1220956.750
8535,1220425,1220877.000
8547,1221153,1220918.500
8560,1221261,1220969.875
8572,1220767,1220939.500
8584,1220526,1220877.500
8597,1221340,1220946.875
8609,1221191,1220983.500
8621,1220650,1220933.500
8634,1220553,1220876.500
8646,1221400,1220955.125
8659,1221116,1220979.250
8671,1220636,1220927.750
8683,1220706,1220894.500
8696,1221459,1220979.250
8708,1221069,1220992.750
8720,1220585,1220931.625
8733,1220946,1220933.875
8745,1221458,1221012.500
8757,1220946,1221002.500
8770,1220418,1220914.875
8782,1220899,1220912.500
8794,1221365,1220980.375
8807,1220878,1220965.125
8819,1220491,1220894.000
8831,1221039,1220915.750
8844,1221317,1220976.000
8856,1220856,1220958.000
8868,1220446,1220881.250
8881,1221232,1220933.875
8893,1221326,1220992.750
8905,1220777,1220960.375
8918,1220501,1220891.500
8930,1221434,1220972.875
8942,1221215,1221009.250
8955,1220728,1220967.125
8967,1220677,1220923.625
8979,1221391,1220993.750
8992,1221060,1221003.750
9004,1220553,1220936.125
9016,1220604,1220886.375
9029,1221446,1220970.375
9041,1221152,1220997.625
9053,1220540,1220929.000
9066,1220843,1220916.125
9078,1221420,1220991.750
9090,1221045,1220999.750
9103,1220513,1220926.750
9115,1220923,1220926.250
9127,1221327,1220986.375
9140,1220789,1220956.750
9152,1220383,1220870.750
9164,1221129,1220909.500
9177,1221263,1220962.625
9189,1220747,1220930.250
9201,1220418,1220853.500
9214,1221196,1220904.875
9226,1221146,1220941.125
9238,1220606,1220890.875
9251,1220517,1220834.750
9263,1221383,1220917.000
9275,1221203,1220960.000
9288,1220594,1220905.125
9300,1220576,1220855.750
9312,1221411,1220939.125
9325,1221124,1220966.875
9337,1220534,1220902.000
9349,1220665,1220866.500
9362,1221379,1220943.375
9374,1220998,1220951.625
9386,1220443,1220875.375
9399,1220808,1220865.375
9411,1221364,1220940.250
9423,1220853,1220927.250
9436,1220334,1220838.250
9448,1220863,1220842.000
9460,1221319,1220913.625
9473,1220807,1220897.625
9485,1220376,1220819.375
9497,1221114,1220863.625
9510,1221200,1220914.125
9522,1220742,1220888.375
9534,1220407,1220816.125
9547,1221228,1220878.000
9559,1221186,1220924.250
9571,1220575,1220871.875
9584,1220412,1220802.875
9596,1221165,1220857.250
9608,1220924,1220867.250
9621,1220401,1220797.375
9633,1220471,1220748.500
9645,1221532,1220866.000
9658,1221200,1220916.125
9670,1220546,1220860.625
9682,1220695,1220835.875
9695,1221399,1220920.375
9707,1220941,1220923.500
9720,1220432,1220849.750
9732,1220879,1220854.125
9744,1221357,1220929.625
9757,1220804,1220910.750
9769,1220403,1220834.625
9781,1221052,1220867.250
9794,1221375,1220943.500
9806,1220774,1220918.125
9818,1220366,1220835.375
9831,1221192,1220888.875
9843,1221233,1220940.500
9855,1220717,1220907.000
9868,1220454,1220839.125
9880,1221225,1220897.125
9892,1221143,1220934.000
9905,1220678,1220895.625
9917,1220522,1220839.625
9929,1221347,1220915.750
9942,1221011,1220930.125
9954,1220476,1220862.000
9966,1220572,1220818.500
9979,1221282,1220888.000
9991,1220925,1220893.625
10003,1220476,1220831.000
10016,1220722,1220814.625
10028,1221294,1220886.500
10040,1220835,1220878.875
10053,1220358,1220800.750
10065,1220846,1220807.625
10077,1221383,1220894.000
10090,1220828,1220884.125
10102,1220367,1220806.625
10114,1220979,1220832.500
10127,1221161,1220881.750
10139,1220641,1220845.625
10151,1220435,1220784.125
10164,1221303,1220862.000
10176,1221216,1220915.125
10188,1220735,1220888.125
10201,1220486,1220827.875
10213,1221352,1220906.500
10225,1221244,1220957.125
10238,1220566,1220898.500
10250,1220574,1220849.875
10262,1221410,1220934.000
10275,1221006,1220944.875
10287,1220485,1220876.000
10299,1220658,1220843.375
10312,1221340,1220917.875
10324,1220862,1220909.500
10336,1220381,1220830.250
10349,1220745,1220817.500
10361,1221371,1220900.500
10373,1220894,1220899.500
10386,1220402,1220824.875
10398,1221053,1220859.125
10410,1221452,1220948.125
10423,1220836,1220931.375
10435,1220377,1220848.250
10447,1221123,1220889.500
10460,1221251,1220943.750
10472,1220698,1220906.875
10484,1220418,1220833.625
10497,1221344,1220910.250
10509,1221219,1220956.625
10521,1220595,1220902.500
10534,1220479,1220839.000
10546,1221423,1220926.625
10558,1221186,1220965.625
10571,1220636,1220916.250
10583,1220700,1220883.875
10595,1221418,1220964.000
10608,1221045,1220976.250
10620,1220564,1220914.375
10632,1220741,1220888.375
10645,1221509,1220981.500
10657,1221057,1220992.875
10669,1220579,1220930.875
10682,1220933,1220931.250
10694,1221555,1221024.875
10706,1221134,1221041.250
10719,1220594,1220974.125
10731,1221063,1220987.500
10744,1221390,1221047.875
10756,1220984,1221038.375
10768,1220638,1220978.375
10781,1221280,1221023.625
10793,1221448,1221087.375
10805,1220966,1221069.250
10818,1220694,1221013.000
10830,1221536,1221091.500
10842,1221650,1221175.375
10855,1221095,1221163.375
10867,1220780,1221105.875
10879,1221624,1221183.625
10892,1221370,1221211.625
10904,1221015,1221182.250
10916,1221122,1221173.250
10929,1221821,1221270.500
10941,1221398,1221289.625
10953,1220877,1221227.750
10966,1221169,1221219.000
10978,1221850,1221313.750
10990,1221433,1221331.625
11003,1221083,1221294.375
11015,1221505,1221326.000
11027,1221909,1221413.500
11040,1221467,1221421.500
11052,1220910,1221344.875
11064,1221571,1221378.875
11077,1222067,1221482.125
11089,1221448,1221477.000
11101,1220901,1221390.625
11114,1221721,1221440.250
11126,1221977,1221520.750
11138,1221573,1221528.625
11151,1221231,1221484.000
11163,1221955,1221554.750
11175,1221960,1221615.625
11188,1221543,1221604.750
11200,1221412,1221575.875
11212,1222188,1221667.750
11225,1221924,1221706.250
11237,1221457,1221668.875
11249,1221574,1221654.625
11262,1222338,1221757.125
11274,1221971,1221789.250
11286,1221452,1221738.625
11299,1221693,1221731.875
11311,1222467,1221842.125
11323,1222160,1221889.875
11336,1221690,1221860.000
11348,1221989,1221879.375
11360,1222406,1221958.375
11373,1221970,1221960.125
11385,1221504,1221891.750
11397,1222251,1221945.625
11410,1222587,1222041.875
11422,1221996,1222035.000
11434,1221579,1221966.625
11447,1222415,1222034.000
11459,1222386,1222086.875
11471,1221782,1222041.125
11484,1221427,1221949.000
11496,1222223,1221990.125
11508,1222387,1222049.625
11521,1221910,1222028.750
11533,1221554,1221957.500
11545,1222421,1222027.000
11558,1222314,1222070.125
11570,1221676,1222011.000
11582,1221645,1221956.125
11595,1222475,1222034.000
11607,1222100,1222044.000
11619,1221614,1221979.500
11632,1221928,1221971.875
11644,1222456,1222044.500
11657,1221955,1222031.125
11669,1221475,1221947.750
11681,1222030,1221960.125
11694,1222509,1222042.500
11706,1221886,1222019.000
11718,1221384,1221923.750
11731,1222045,1221942.000
11743,1222281,1221992.875
11755,1221790,1221962.500
11768,1221465,1221887.875
11780,1222286,1221947.625
11792,1222313,1222002.500
11805,1221741,1221963.250
11817,1221479,1221890.625
11829,1222410,1221968.625
11842,1222173,1221999.375
11854,1221678,1221951.250
11866,1221607,1221899.625
11879,1222386,1221972.625
11891,1222019,1221979.625
11903,1221511,1221909.375
11916,1221653,1221871.000
11928,1222382,1221947.625
11940,1221942,1221946.750
11953,1221363,1221859.250
11965,1221805,1221851.125
11977,1222406,1221934.375
11990,1221904,1221929.875
12002,1221329,1221839.750
12014,1221911,1221850.500
12027,1222413,1221934.875
12039,1221804,1221915.250
12051,1221429,1221842.375
12064,1222082,1221878.375
12076,1222238,1221932.375
12088,1221785,1221910.375
12101,1221404,1221834.500
12113,1222189,1221887.750
12125,1222156,1221928.000
12138,1221537,1221869.375
12150,1221281,1221781.125
12162,1222281,1221856.125
12175,1222042,1221884.000
12187,1221549,1221833.750
12199,1221477,1221780.250
12212,1222317,1221860.750
12224,1222000,1221881.750
12236,1221436,1221814.875
12249,1221610,1221784.250
12261,1222269,1221857.000
12273,1221804,1221849.125
12286,1221409,1221783.125
12298,1221732,1221775.500
12310,1222206,1221840.125
12323,1221755,1221827.375
